client_id,sample_id,x1,x2,x3,x4,label
c0,s174,-2.320356012386145,-0.9636384443688041,-0.9151561158459262,-0.20110465451883033,0
c0,s135,-1.686468151234102,-0.8262294663639526,0.24766590110894313,-0.1792266254497549,0
c0,s153,-1.4237344353990602,0.44632214754306365,-0.8065989043073726,-1.2826346502605217,0
c0,s38,-1.674682944704357,-0.4863079090733309,-0.05378255081832049,1.767929913579883,0
c0,s107,-1.38218151537704,0.39282746825991893,-1.0405439391575344,0.47469708846320197,0
c0,s157,-1.040586052512433,-2.41278033092949,1.6109369950118944,2.549327952607003,0
c0,s85,-2.2912895085981,0.3043667290302598,0.07203357323257792,0.41389028537269307,0
c0,s102,-1.993060371054156,-1.296472328074761,-1.4821853974428207,-2.3336161198483047,0
c0,s152,-1.6855973173848082,0.5380344399282511,-1.034308051674399,0.2352761115882635,0
c0,s82,-1.172007192594816,-0.5182798423662747,1.5112284332767216,0.637533810897696,0
c0,s182,-1.1401609191262305,-1.1195358752705262,0.4478137167227104,0.05827433093544655,0
c0,s178,-1.0350781140406409,-0.01208465078826744,-0.21069001436315682,-1.2158909241041307,0
c0,s47,-1.368159199245665,1.6509279322312496,1.723665720783297,-0.17951921328260065,0
c0,s192,-1.2798409576400205,1.681816619300824,1.7289953408857035,1.359220600295612,0
c0,s96,-1.6012779371188537,-0.7941362900254239,0.43963660601699356,0.524187842812771,0
c0,s124,-1.8314060842151236,-0.3356073681186462,-1.9908119951239978,-1.495060830227205,0
c0,s197,-1.0824271973882869,-0.15105187760692926,-0.7460982566525134,-1.2503155389231464,0
c0,s194,-1.093471370461983,0.39699130449884,0.0603859284244171,-1.3026521168344645,0
c0,s24,-1.3226996123544024,-0.9972468276014818,0.3997742267234366,-0.9054790553600608,0
c0,s165,-1.6919626491697632,-0.01756282647744591,-0.9024230947925126,-0.3423409386638824,0
c0,s30,-1.023497492621865,0.17927563495631615,0.21999668397176517,1.3591875752404365,0
c0,s145,-2.409921965799875,-1.1563476602653329,-0.2937789201521298,-1.0721330214268592,0
c0,s1,-1.9510351886538364,-1.302179506862318,0.12784040316728537,-0.3162425923435822,0
c0,s15,-1.6828697716158048,-0.33488502998577485,0.1627530651050056,0.5862223313592781,0
c0,s87,-1.5815943994539423,1.475949048053509,0.3683566127006584,0.846583985843404,0
c0,s71,-1.110430684414478,-0.47152480744994896,0.2637172043565196,0.05246679835624363,0
c0,s51,-2.0501721010310225,-0.04871840193011795,-0.8432302702928711,-1.218813060423628,0
c0,s126,-2.964528837841651,-0.5434955079326346,2.4204150122474024,0.4348842714636474,0
c0,s179,-1.5634779478686884,0.6857490352746618,-0.3509523822179781,-1.0222802816473295,0
c0,s116,-1.1173841129896078,-0.458675284939333,-0.2931915866487618,1.9372311624295169,0
c0,s188,-1.0150679057288161,2.0487556508632867,1.785168402072131,1.1360486835554284,0
c0,s134,-0.5387713176177432,1.1478126607335635,-2.3942603049004716,-0.7865657751041687,1
c0,s55,-0.22385881688049952,0.2424967912712216,0.17657335845371103,-1.0843880722333665,1
c0,s60,-0.8768607781675882,-0.09426255425255699,-1.7577283913566313,-1.4670452453909906,1
c0,s76,-0.0613243458288473,-1.052898510703949,-0.33445617235587666,1.3000445946989585,1
c0,s106,-0.8881338537336524,-0.35801668807442916,0.8035850193786016,1.7207698311659838,1
c0,s159,-0.18992384102225704,-1.1133880419218483,0.5795611424764774,0.5245073752860862,1
c0,s5,-0.18486236354526056,-0.6809295444039414,1.2225413386740303,-0.15452948206880215,1
c0,s25,-0.3781625540393897,1.2992282977860654,-0.35626397106142593,0.7375155684670865,1
c0,s177,-0.22153611573080054,0.6474846907094743,-0.013646791795296761,0.701663648089567,1
c0,s161,-0.33732516206850605,-0.1420032144075213,0.6152567669685612,-1.7306716055072182,1
c0,s68,-0.09728659841348947,2.093168308930595,1.5733549024752425,0.3858465525565008,1
c0,s118,-0.28436383804009513,0.18532564941538202,0.6191711169753933,-0.33925848388401536,1
c0,s127,-0.5595722860494895,0.46508020950030626,-1.5609583529944429,-0.29732336269763543,1
c0,s40,-0.9651167622323719,-0.7252260645357532,2.1284697324351645,-0.8213866792243861,1
c0,s28,-0.5941499556967944,-1.4460578543884546,0.07212950771386951,-0.5294927090638024,1
c0,s32,-0.6397515327497477,-0.9265759414055249,-0.38980980315576796,-1.3766861475563088,1
c0,s151,-0.6366152831022357,0.5411316108045314,0.7629264823369366,0.4480993639362036,1
c0,s181,-0.9228864418952676,1.461178866720329,0.2825869829192965,0.7673172404612268,1
c0,s9,-0.11394745765487507,-0.840156476962528,-0.8244812156912396,0.6505927878247011,1
c0,s90,-0.1525225324523588,0.3833938643534951,0.9998242469102946,-1.0585360819784093,1
c0,s195,-0.051197111816596905,-0.07972956385680847,1.79756116664464,0.8942133285134095,1
c0,s18,-0.9194522860016113,0.49716074405376404,0.14242573607056525,0.6904853540677682,1
c0,s26,-0.933617680009877,-0.20543755786763002,-0.9500220549105812,-0.3390330759005625,1
c0,s23,-0.42329831204415375,-0.07971821090639905,-1.6873344339580298,-1.4471124724230873,1
c0,s65,-0.23817374397466523,-0.2663874900089551,0.23216988962625595,-0.555327218819016,1
c0,s108,-0.1310866506877266,-1.8309058258475304,0.9282969915684843,-0.605000712808731,1
c0,s57,-0.8532433505588201,-0.2873833615491761,-1.4634420018370031,-0.5907070139634865,1
c0,s133,-0.44856420802835434,0.4523339506431387,-1.5657590721805144,0.6374709026511215,1
c0,s100,-0.17961141383145854,0.19677609665695725,0.8205284754174188,-0.3937411722245721,1
c0,s109,-0.5339002383735546,-1.06975241128969,-0.6542832766875555,0.4278904406949172,1
c0,s164,-0.8690472478647824,0.17739611463694044,1.2125188368316004,-0.3237917042866007,1
c0,s171,-0.4354074729439623,-0.4791031709119801,0.7908017211789892,1.498374440296732,1
c0,s139,-0.7535275803573779,-1.0322626705778368,-1.2444717876010754,-0.8887973132309185,1
c0,s103,-0.6782644401551767,0.7494338997277404,-0.28488406638257474,0.19779008194185213,1
c0,s84,-0.6711402773965811,0.31200947155124387,1.1553120361066962,0.6087614722244398,1
c0,s6,-0.4283278221631072,-0.3521335504882296,0.5323091855533487,0.36544406436407834,1
c0,s2,-0.016801157504288795,-0.85304392757358,0.8793979748628286,0.7777919354289483,1
c0,s94,-0.2051616888660442,-2.003522292066514,1.604254361517141,-0.45769943095682564,1
c0,s123,-0.28624873355569186,0.4539655793086961,-0.3086730555464126,0.9355471254651493,1
c0,s121,-0.056783194392691534,-0.17040758116420443,-0.7794823967254196,0.4303013589575532,1
c0,s167,-0.5227186961696804,-2.564744341820567,0.7848440366081351,0.27236975527423984,1
c0,s140,-0.07068038165207131,0.3342951284977145,0.051142058552161786,-0.765535277429713,1
c0,s130,-0.9701495196514126,-0.8876956557145598,1.3357843363202329,-0.19134398669506028,1
c0,s72,-0.292171185803555,-0.10348826806596086,-0.25197737820688537,0.15256251210246857,1
c0,s43,-0.45498348034078,-1.2256057637672482,-1.2779375743196193,0.17258791772211948,1
c0,s36,-0.812941095310326,-0.41535726017968533,-0.6120967990598081,-0.14079088641638526,1
c0,s19,-0.42725264633653426,0.15853969107671423,0.6255903939673367,-0.3093465397202384,1
c0,s158,-0.40526926544933184,-1.9368380406201853,-0.31048397619594376,-0.2862229498406692,1
c0,s149,-0.520588412855411,0.8126012877536446,0.24165971982083806,-1.7749620596421283,1
c0,s113,1.9510125601262995,2.076980529053753,0.0693811351327787,0.1601905933170753,3
c0,s62,2.905067169240407,-1.1715666288253417,-0.36824895678803055,0.34155555094050954,3
c0,s75,1.727350214164185,-1.5338614049161376,0.8638280136981883,-0.3285252231228939,3
c0,s148,1.8212988508131087,-1.6517591481792673,-1.281069206845832,-0.42360660646083825,3
c0,s190,1.2496652670437771,0.6353711428612774,0.7400142363043355,0.6369062833722101,3
c0,s176,1.0491736214413494,-0.9759588161149049,-0.9105748839214486,0.5585489592742234,3
c0,s117,1.1059933699072981,-0.9620911163416273,0.34770845245095694,-0.4070782363503251,3
c0,s131,1.403821392066557,-0.4425357118921839,1.4550455762707113,0.13148581680545218,3
c0,s81,1.8206461576468016,0.7307746911386448,-1.5720402556532407,-0.06695317289820084,3
c0,s63,1.7286976444055924,-0.9868570784282374,-0.24527784594210975,0.777337576061744,3
c0,s163,1.6678876111195198,-1.1037406977820072,0.5872591668027922,0.3194002637912288,3
c1,s189,-0.9208503978091276,0.8550193242972788,0.6396264094979018,0.44254562420405297,1
c1,s166,-0.08158776968512098,-1.7056522160155172,-1.615658339320678,0.48206683552552526,1
c1,s52,-0.8781523669287508,-0.33412344070081207,0.9159025423560131,-1.326392717739564,1
c1,s187,-0.37171669658569495,-0.8931306215848627,0.011451291670654416,-0.2992647038852564,1
c1,s98,-0.47177603363833576,0.45938577171661177,0.7019536262212701,0.13824143205868192,1
c1,s168,-0.713874824036484,-1.3168302110582415,0.8358078963143372,0.3493506225604296,1
c1,s122,-0.8515371891857679,0.6655852363134291,1.08528700444591,0.36653140723722993,1
c1,s83,-0.6989304285787463,-1.013717366440399,0.03278209287626079,-1.2165601493811278,1
c1,s8,-0.5122427290715373,-0.8137727282478777,0.6159794225754956,1.1289722927208916,1
c1,s180,-0.09617893692333225,1.1280188573493026,-2.280737845371923,-1.4966386899033264,1
c1,s172,-0.45884049314930064,-0.42477372779309125,0.3140772238697992,-0.24576150001290142,1
c1,s69,-0.7630572096947675,-1.112411471983418,1.191142953088865,0.2627492251471385,1
c1,s88,-0.5709436615217945,0.8137636899662105,1.0684715559890383,0.23287802013716835,1
c1,s110,-0.18924434093640552,0.32866200228248105,0.3619218539288437,1.320661655528167,1
c1,s136,-0.25337756894801494,-0.1591848713800608,0.20338824061994343,-1.0085360419431078,1
c1,s155,-0.44065242156974244,0.03210767397093466,0.2689134476786009,-0.6196659341286136,1
c2,s114,1.0762401574663856,-0.8456610327673472,0.3330703726182551,-0.0258628479538564,3
c2,s61,2.129247112028298,-1.287422581274031,-1.0967855784546396,1.836913528321314,3
c2,s119,1.0638515327343585,-1.141938226142404,0.006339062362268442,2.5976737265958323,3
c3,s160,-1.4944056198193065,0.6991967316948878,2.052684981945891,0.17196033243705985,0
c3,s21,-1.1958396455890397,0.4869724807855818,-0.46940234020272387,0.01249411872768743,0
c3,s59,-2.147289029738655,-0.16266592054490767,-1.062414411859563,-0.5294394273660737,0
c3,s49,0.6433267946890444,-0.3946051228595896,-0.005121866720071296,-0.16344289852451258,2
c3,s95,0.10788044434303304,1.309550684860527,-1.6022595410589253,-1.2516472141061394,2
c4,s13,-1.4571558198556664,-0.31967121635730134,-0.4703726542927955,-0.6388778482433419,0
c4,s14,-0.27514225122668373,1.4949413112343959,-0.8658311156932432,0.9682783545914808,1
c4,s48,-0.38318732113598775,1.4614442922422022,-1.107045682043488,-0.8947270189558264,1
c4,s91,-0.12500903031957764,1.4814555476589732,-0.7435882288125641,-0.8222500172903203,1
c4,s111,-0.3427861508643793,-1.4768578168457318,1.067222416571983,-0.3314881720972547,1
c4,s42,-0.1566378976580904,-0.040762526135434025,-0.6547876954293904,0.44607220148208054,1
c4,s77,0.582655241987707,1.732311605409944,1.1774118889776937,0.4390866789295762,2
c4,s54,0.5381154370039261,1.3373981074427437,-0.15450567924990047,-0.695942611670703,2
c4,s41,0.838489203736345,-0.9029271780870264,0.9315730128742441,0.38495096610586316,2
c4,s74,0.2959939896870995,-0.37191458132128985,-1.7567217824785826,0.32799548371410964,2
c4,s93,0.8567939825665268,0.8418200668900618,0.5541165013240933,2.327653100346085,2
c4,s199,0.9957013858999235,1.0592237388963208,1.0258368428852387,0.0389132069014598,2
c4,s173,0.95205365313989,-2.2517772906190467,-0.8267050469168946,-0.7824163339614458,2
c4,s12,0.6789135630718949,0.06757906948889146,0.28911939868998415,0.6312882258385404,2
c4,s191,0.3407914080021059,-1.7836111297141835,0.08362107741055723,-0.5561919588491252,2
c4,s128,0.09947747301573849,-0.08610065182104851,0.7908061216900806,0.34464522623605237,2
c4,s150,0.5154104029008109,-0.5775388873556505,1.274447216941239,-0.6275875364369197,2
c4,s138,0.2964180008086595,2.0350733027310675,-0.0870941710525099,-0.30708321833457675,2
c4,s34,0.3135138474501953,0.8381265678943811,1.9967308916917865,2.9138624660073296,2
c4,s53,0.030631492594417446,-0.4841694333335785,-0.32767309436196085,1.0027578253046041,2
c4,s67,0.053155347577867364,8.439309141418043e-05,-0.7215580335428474,0.316494261673308,2
c4,s115,0.3139082114575536,-0.8333688059494058,-1.589567493308969,-2.0729834359912918,2
c4,s3,0.06603069756121605,1.1272412069680329,0.4675093422520456,-0.8592924628832382,2
c4,s97,0.27627417932855375,-1.4127658838923665,-2.310103436632644,0.054353585390382264,2
c4,s50,0.33757454879893356,1.4074818613137168,0.09058490690174555,0.6439387932768579,2
c4,s156,0.47113629339992935,-0.5334523471647244,-0.4116383222162092,1.362642639803341,2
c4,s143,0.26203581207438104,-0.8996947864877538,0.189843392837443,-1.4548224852577891,2
c4,s4,0.36875078408249884,-0.9588826008289989,0.8784503013072725,-0.049925910986252896,2
c4,s80,0.7823503424176613,-0.19065105750515945,1.1712470934673194,0.7508689887312598,2
c4,s46,0.4287564384616135,1.535755991995992,0.18323443722190613,-1.2244690317205003,2
c4,s186,0.09903482100720092,0.9308382263505294,1.7975945224343146,0.516297572101451,2
c4,s120,0.2230797426252751,1.4332145066061728,0.09152017817320818,0.5807770953297967,2
c4,s58,0.3156050035903405,1.2058536208882336,-0.7290838377436085,-0.6541464400677965,2
c4,s92,0.20230619183119358,0.8443851904853201,0.01142605556065933,1.3289605904369892,2
c4,s20,0.45677523755741145,-0.6619259410666513,-0.3630538465650718,-0.3817378939983291,2
c4,s147,0.23544836830993032,1.6111161484996208,-1.2223743125399031,0.24903612230694197,2
c4,s29,0.23267621135470395,0.02185214552344288,1.6017788913209154,-0.23935562747302427,2
c4,s162,0.16439070297730224,-0.3904639494628101,1.8478250129560454,-0.17417273380495787,2
c4,s105,0.09212665843410921,-0.8373982238274621,-0.5944003521987352,-1.4805365125650163,2
c4,s142,0.5484279208297995,0.18797358748610446,-1.4481272594150476,-0.0679802559844049,2
c4,s39,0.13027452147288585,0.9827395110230576,-0.49929559853915206,-1.1849437664170246,2
c4,s7,0.4127326115959884,0.43082100300788273,2.1416476008704612,-0.4064150163846156,2
c4,s129,0.668326018107997,-0.6883722822307594,0.8978154084105481,1.6289369476239914,2
c4,s10,0.7432541712034423,0.543154268305195,-0.6655097072886943,0.23216132306671977,2
c4,s193,0.2552134168558746,1.3506251209526567,0.012053180601825543,0.20279727689777938,2
c4,s31,0.8351112459145785,0.35687105914950934,1.4633028912195618,-1.188763054322851,2
c4,s154,0.7138201364823995,0.2416445216767513,-0.6139768013928971,1.4511788490210642,2
c4,s198,0.5112218145475347,0.39126465993323495,-1.786707511368078,-0.12268463749512722,2
c4,s183,0.5487388188641266,-0.18767099092845213,0.278143726454627,0.15811908490510918,2
c4,s101,0.5211672557321126,-0.265838791915379,-0.11754216732813036,0.829519042024073,2
c4,s27,0.8403081374573955,-1.7273204231923487,0.43442364354585733,0.2377356023322779,2
c4,s11,0.11668580914072822,0.21868859672901295,0.8714287779481898,0.22359554877468227,2
c4,s22,0.48074665890590895,0.4465311760299441,0.6653851089727862,-0.09848548450942361,2
c4,s89,0.23440089269869593,0.2703432392817259,-0.8633452647393817,-0.14752868024035293,2
c4,s99,0.7601330853758538,0.22921137411506842,0.5300647056014667,-0.7046732628698824,2
c4,s79,0.06654581585920483,-0.6974238233002769,0.989583934594853,-1.1783036231148656,2
c4,s56,0.09048978162787422,0.22822833013890514,2.5174740375339204,1.8768446112816701,2
c4,s64,0.43476607446661863,-0.37615607123009925,-0.13382296451604114,-1.3748958083699818,2
c4,s137,0.7068496408990508,0.6626659703854839,0.385037937656101,0.5565334427512632,2
c4,s33,0.6351509468144043,-0.22222269709877338,-1.4708062945026579,-1.0155790812075416,2
c4,s132,0.2582288233226952,1.5647180216699044,-0.36177047744417123,-0.9411220959249583,2
c4,s16,0.711226579792855,0.7933472351999252,-0.3487250722484376,-0.46235179266456716,2
c4,s17,0.8579758812571538,-0.1913043248816149,-1.2756863233379219,-1.1332872140034806,2
c4,s70,0.4801434033916108,-1.7445859869741926,0.9274384815581808,0.45442033821436295,2
c4,s184,0.7777673890849254,0.8070082819444706,-1.6198719943917699,-2.2472685553408556,2
c4,s141,0.9001845640199633,0.7394126723009475,-0.159648307422017,-0.652916144664712,2
c4,s0,0.30471707975443135,-1.0399841062404955,0.7504511958064572,0.9405647163912139,2
c4,s146,0.7143964826306588,1.997296530747994,-1.176614719429302,-0.8374634040851927,2
c4,s66,0.471538522545139,1.0127158178198286,0.15542932766846604,0.35175640839920347,2
c4,s196,0.011445439091466015,0.248787309801083,0.044212378104198057,-0.20291398479554773,2
c4,s170,0.816775867200791,0.6250852012481537,1.251725008565195,-0.5213229186372847,2
c4,s35,0.4144094332759964,-0.9895381200318641,-2.132046280731309,0.2677114623438358,2
c4,s104,1.0892174967107926,1.3276861322676916,-0.06913793472613955,1.3535858895693973,3
c4,s144,1.3361861000121709,1.2479499850594318,-0.25251733430296475,0.36345433783907316,3
c4,s86,1.6162096816512073,-2.063238276804743,-0.5911034251911056,0.5909063227933546,3
c4,s169,2.3826022826840734,0.42018859872493736,0.3877031412620148,-0.16692793010856513,3
c4,s73,1.471491972993157,-2.5666584409312976,-0.23685026450968424,0.17651242137244696,3
c4,s185,1.0017453976515072,1.1877250932619365,-1.0206230195133374,-1.8598354065456286,3
c4,s112,1.114592444577377,0.3833771131824704,-0.13113753020334493,0.3487758940462951,3
c4,s44,1.579091256410435,0.15999161357343825,-0.11863832610988256,0.2858261396025429,3
c4,s45,1.3060017417068248,0.21938250136385634,-0.41092723083373717,1.1062887100598888,3
c4,s125,1.3638622298139094,0.895184981971686,-0.7194802332847904,-1.502503456040897,3
c4,s78,1.743934526167792,0.43899315873829875,0.8279881767970589,-0.29657095353470836,3
c4,s175,1.1129658916602636,-0.24506065119070236,-1.0308137202711538,-0.056954541213528984,3
c4,s37,1.0659802307876436,0.15704856744534462,-0.1586348370386883,-1.0356537528258116,3
